index,retail_price
3076,374684.47
3218,493089.34
9213,820125.7
10018,642548.94
11355,451848.66
8028,556551.2
7389,822531.9
2591,399474.2
485,456569.03
1251,505107.78
3885,453126.6
8472,453921.44
10123,673078.3
430,711891.3
8762,503043.66
2880,556547.06
9612,377211.72
9144,455068.2
2318,713631.06
2071,642117.8
334,332249.34
734,449517.25
3646,442512.44
1876,710496.8
9555,476208.22
1075,508087.16
6856,934350.6
10602,1044293.3
6212,506970.9
10891,684879.9
2731,592574.44
6144,704108.5
1655,334730.4
9013,414177.78
2110,414076.4
7622,721769.8
5610,423103.94
7326,578113.94
4928,1120310.5
5916,479215.84
4320,446893.06
3510,395844.9
6878,428951.7
2614,343469.47
4329,747859.1
2027,348312.22
1960,354970.6
3319,889906.44
2536,396146.3
1127,356823.94
2501,442663.16
1884,607968.0
4438,490936.12
8531,413473.9
3851,277117.16
8587,493761.78
5525,331471.3
2850,957287.7
4593,665496.2
8299,1176779.6
2230,319747.38
3522,498310.72
7237,499558.75
8569,518763.12
9133,457041.8
104,673406.06
2030,365238.03
7086,414846.9
4906,631885.2
6355,522974.25
151,514722.16
66,368937.9
10184,716702.94
7184,634445.5
87,571418.6
3444,359930.72
4165,388856.8
5102,921212.8
6890,566629.44
3605,434915.9
6120,708908.3
7366,569028.94
4520,775832.44
11135,369726.9
4667,651091.25
3478,490898.72
10659,933730.94
5185,728737.8
4742,407279.34
2627,482180.62
6232,900533.5
8466,292033.7
10340,692973.9
4959,728832.56
6251,535161.2
7214,403409.66
7777,797141.44
2635,410976.0
5422,441388.38
5339,373763.66
8424,400446.34
3937,414090.47
1039,1019987.7
1990,401071.9
5273,1155919.1
10130,1173507.1
3405,1147962.1
2782,647353.25
6913,781707.0
8034,1053450.5
871,481489.1
7648,706768.2
1898,423857.7
448,431744.28
5937,499224.9
4576,405606.84
3254,1132143.8
7002,594423.2
1842,380527.84
8690,289558.72
4660,557647.94
7438,717014.56
412,509857.34
10431,328576.78
2310,721464.7
4017,326101.16
8144,1739262.4
6831,692705.9
142,397525.9
1033,518624.44
3416,340023.16
5263,1148620.8
5701,487722.28
11222,434674.66
8836,1960530.5
2943,558174.44
7256,815108.0
8327,419535.62
8816,357904.16
3552,450294.28
727,328650.28
1736,372411.75
5917,337428.38
2086,472065.2
4781,566092.2
11542,481463.3
7005,495650.88
4860,582270.8
11136,393179.56
2284,1445211.5
10725,864825.94
6507,568737.2
10451,284177.75
9778,678623.1
8678,554840.94
8447,393814.66
5657,848546.44
5765,435139.34
6740,768671.7
1070,430347.97
621,398895.03
665,375467.75
1425,837324.06
6597,685126.06
586,724648.3
1106,492382.38
4175,317541.72
681,364620.66
8487,327700.84
5402,398773.28
2456,789514.44
3530,376501.4
11844,464928.28
247,745239.9
9969,747977.7
7023,805193.94
11422,528708.8
2911,426488.84
10469,939109.44
330,532580.56
9137,410699.1
1112,505600.78
10852,986816.44
7393,798447.94
8071,954413.7
8329,365477.03
7756,686052.3
6815,427153.7
7625,434205.7
2785,653678.3
3047,643560.94
5126,1203897.5
2852,730040.94
1285,500330.84
2444,478298.6
4251,518047.84
9869,483472.8
11512,320889.78
7826,532019.44
11741,375788.8
10507,1077953.1
5607,382392.0
2937,682498.7
6818,802834.3
7066,727392.56
11436,474094.12
6508,1320853.0
11662,381204.3
4973,846498.0
8020,1227158.2
5412,378934.5
6421,404404.53
3938,1090422.1
996,571088.44
9971,854034.2
111,676830.0
8852,701864.4
7423,680726.2
10832,979593.0
986,321494.22
2960,621432.56
6982,816430.3
3774,366849.78
10100,830472.8
6118,337428.38
3961,628865.6
1809,415445.34
11482,406426.7
4938,1156163.5
8175,986735.44
10140,828590.44
6289,526572.94
9057,281565.88
4010,790341.56
3408,1194885.6
11661,371801.16
5144,947504.75
8079,1099558.1
619,624231.06
4950,627663.44
10207,1119827.0
1001,525899.75
2689,398139.44
10744,965402.3
1613,364687.53
8004,828404.3
4392,682700.3
478,773086.56
9927,696326.56
4443,432271.53
8256,601291.5
3681,498604.66
9989,990829.75
1026,376546.47
11047,952910.94
11258,397102.78
5744,726757.06
11619,560203.6
8260,835531.3
6276,730577.2
4766,649719.8
10396,566678.5
4836,368904.16
5578,384416.2
10419,713720.5
3432,367866.53
3664,420241.34
7503,663936.8
4856,467178.03
2898,479817.9
11162,372824.22
7894,771468.06
4636,478980.9
7043,672889.7
4558,692352.2
1226,702581.56
4516,341039.4
1649,322491.44
7377,705328.3
9795,1044272.6
8687,322293.1
3425,485038.28
7927,992205.3
9507,1111406.9
294,792472.3
7737,399165.7
7081,668990.9
7083,465337.7
4201,384962.4
627,349041.75
7722,639004.2
6534,867733.94
6827,587457.56
1247,468043.16
4604,625888.25
2422,979413.56
5338,423074.47
2330,618698.56
10179,1308096.0
6991,1086123.0
9188,737979.06
3977,277117.16
4261,399478.84
9211,541778.0
11761,460445.47
2105,1014822.56
1494,436065.53
9115,348039.4
2352,385613.53
1722,426534.66
1911,375750.25
9338,674656.44
5454,396949.56
3210,851769.0
738,389788.72
3174,587025.2
8966,736133.7
11217,580599.25
3188,908020.9
11957,1296849.4
8062,605176.7
11261,502745.94
11521,408830.66
4514,389137.84
7730,671358.8
1111,491158.28
1849,1174468.4
10900,1006185.3
3515,422878.66
8279,1362317.6
3149,692037.8
11193,517243.84
9739,288110.9
5911,392882.3
11352,441262.06
6261,503006.28
11304,407730.1
10838,2058635.4
5397,414500.47
2017,498752.56
7859,581877.3
5190,1020135.3
872,328265.03
11594,352712.4
2946,364484.1
11698,366976.66
11961,451720.12
4931,899158.06
9340,508999.62
8041,1270780.6
73,484275.62
10533,595665.06
8534,385079.9
5589,345088.53
11244,405183.06
2270,1014822.56
2849,312727.06
6100,471800.16
4697,650928.94
9525,701323.4
1875,337955.84
10917,662957.4
8528,363330.6
10549,619509.5
2561,342034.28
9095,456958.9
7121,736004.25
9531,440762.94
11673,557079.7
8554,441066.84
11245,422741.84
8904,365452.66
8767,501488.16
10060,377020.28
3964,452157.34
9719,617169.8
9356,477699.44
2528,370043.1
3554,439830.1
6234,879746.75
2551,377929.78
4038,1104926.4
4818,504531.0
11451,335883.7
11856,349915.94
7418,591260.06
2776,366458.72
10464,694717.7
3579,369062.3
5681,378843.06
7239,778688.9
6774,592886.06
10040,418457.66
11842,317771.34
3527,396022.1
8190,1464901.6
6373,440951.84
8701,519944.9
8903,652108.7
2151,739188.94
11550,477801.78
8651,815694.5
5087,988816.6
4095,338199.9
5367,458962.88
12,467579.78
3610,410472.66
7718,706491.94
6984,464253.3
6222,413254.9
6738,994522.4
9255,608161.7
10422,720394.06
3468,396022.1
9186,525297.56
11057,363497.66
10634,767746.2
2805,554825.2
9130,674461.75
11945,303580.88
8239,1101200.4
1568,530911.06
10591,314772.66
7854,859160.3
5693,329511.66
10737,694505.2
10168,687906.8
4790,570041.75
10408,1095157.2
7290,561426.2
9052,720447.7
9332,485000.44
11137,371538.53
1701,639466.75
4363,478933.06
1361,557947.44
10374,617213.3
11510,462092.66
14,454033.44
5524,303060.97
5076,1021070.4
11408,794567.3
6104,550788.9
1854,348333.97
11495,456976.84
8975,485509.34
10173,888285.2
421,676155.2
6399,435825.4
3702,401824.1
2496,706736.8
9412,652650.9
2087,437951.47
5039,626822.94
1910,1133119.4
11789,321196.03
4257,396378.4
5698,372680.88
5375,323160.56
2758,687011.25
10960,601873.75
8040,731412.56
8573,487891.3
10773,946306.8
11017,790330.44
241,694935.8
11894,382381.7
7308,400457.0
2869,411500.22
5929,490647.12
11682,517527.03
3179,527128.7
8003,586679.5
11492,417594.4
5541,457333.97
5852,415440.47
1197,736103.1
7543,630074.4
3029,951523.56
10152,724577.94
9380,324927.9
6102,343320.9
8238,907839.6
10379,710910.06
105,386893.53
4957,970151.25
9736,544243.94
10728,1677605.6
6308,544501.94
8964,504785.53
2773,661893.25
1934,846864.6
4211,777525.44
7053,562309.5
2902,566765.2
1582,340088.78
10662,895997.3
2032,434215.2
5747,382346.9
7588,480136.6
9583,305036.66
8249,995470.75
5962,525163.9
1698,415483.66
7130,875197.56
10373,741745.94
3698,431171.53
4920,803426.7
3417,331838.06
11928,475753.56
7364,634741.94
6544,610008.5
5697,332636.88
1214,456094.6
9861,889493.75
6218,532098.3
9901,704844.44
10499,614284.06
6495,779965.8
7394,847279.9
8907,431622.8
5867,403399.66
7206,564528.2
3467,342606.5
6070,397727.72
535,565774.75
8941,315816.94
10841,817059.7
2437,556185.6
3644,439222.94
9306,923955.9
10254,831494.56
6172,451148.34
1741,508149.9
3828,378053.34
2527,510085.0
5017,962161.4
6965,784762.06
7586,844477.7
3666,494997.8
10459,549392.44
6613,842290.3
11670,354621.53
8561,500229.66
6905,354372.03
2325,475990.97
823,364620.66
11960,666948.06
5442,568441.0
8044,1304660.4
2054,865829.7
3346,1349321.5
8318,448654.72
5494,339367.53
8728,399664.47
7280,976017.3
6688,740617.94
3674,371894.28
980,500269.06
3962,519236.1
5433,484817.47
10395,746589.56
10871,372704.25
2673,931801.06
6698,694763.94
2499,452761.16
10492,921556.75
9953,350157.16
6981,1126638.6
7297,764154.7
8027,882044.56
4551,566498.94
11378,438154.84
9062,891901.3
10212,467438.66
9150,369680.6
4772,607190.9
414,558427.3
4248,394525.84
5840,493697.56
10626,714722.25
10421,574839.5
2278,450103.38
3868,382536.06
3243,1145723.6
7697,1030550.9
8008,698902.44
8563,344378.2
9267,761120.94
8367,394973.1
6367,434741.6
11590,317183.9
9625,560762.56
1881,356354.34
11613,363617.16
1841,501971.22
10192,680287.56
4225,436193.34
10951,605624.06
1644,599517.3
3321,1080848.1
7896,1023189.4
11486,454794.03
8287,2096084.8
6312,612519.44
10235,656865.4
8244,1075215.4
11020,745375.44
4528,569388.0
4510,543015.44
4093,416646.97
4160,380044.56
3827,419625.9
11689,427951.44
9163,489788.9
9269,558080.06
1782,490410.5
11469,659033.56
10437,983625.56
1901,512679.97
3276,1310503.9
935,322528.47
10501,518515.7
5784,450595.0
10378,655631.8
6009,409742.34
2940,799653.5
11396,373736.75
9599,786103.2
2906,931518.06
4534,613873.4
9902,762860.94
5506,324700.03
314,441655.72
9854,989352.5
9536,369789.03
280,874247.44
5817,396508.53
11976,388093.38
10814,412162.0
5471,423517.3
4664,728001.56
3490,541346.8
1417,445312.9
10978,1238787.6
8628,418256.34
4078,340710.2
7970,542588.56
8912,1222466.5
7080,489417.7
5251,1006236.56
4823,597986.3
10388,444341.38
2038,343227.97
1042,374764.2
10839,988935.2
567,1386055.1
912,399469.72
9586,1113874.1
7618,447767.28
6098,545094.9
5395,423600.34
194,397525.9
11782,325418.47
10970,716399.56
11576,410728.72
11426,595183.9
5027,1455202.8
6003,450595.0
4394,367629.06
8595,501501.66
1387,433446.4
761,322806.66
3336,809429.56
4878,806630.44
17,1494369.2
11504,373306.4
972,428046.78
9985,642623.4
8848,460692.97
5871,333341.97
9327,457757.84
10509,617213.3
10335,652322.06
9984,600399.6
10245,463926.4
6860,659542.4
2820,542064.0
7573,582955.2
7845,606949.2
11736,471712.97
11048,452848.47
3864,441845.1
9485,459692.03
10854,523440.1
10637,943374.56
11567,460606.1
4215,376044.38
7465,530815.3
8273,1336099.6
4374,296623.66
11099,470909.66
8648,736826.44
1410,817065.7
2985,530217.06
618,699432.44
3443,426774.03
5727,726148.4
9038,506421.5
4949,780081.7
9068,701864.4
1977,751793.56
6459,543851.5
1056,500822.72
144,403090.97
6670,508351.9
3754,349110.78
653,377637.03
10228,963927.9
4146,370103.75
1730,447530.28
5865,593496.2
6016,1254818.2
5915,335861.94
9753,466522.34
810,942981.94
8994,643048.25
11372,354322.16
5984,336478.44
3,440771.47
7201,1429526.6
7693,774286.44
11161,711815.0
594,562979.5
2233,645811.3
6964,764352.44
6044,376048.3
3004,649950.7
2133,622561.8
2130,1445211.5
2466,409446.1
8878,333166.8
4423,465334.22
2972,411721.53
11965,513915.22
3600,423541.0
5135,1187484.4
4811,541915.2
8396,503779.62
4388,354732.56
4687,469326.66
10979,946859.8
10416,551802.2
11442,393943.16
2023,499395.72
11907,382013.16
2058,357476.66
6406,332564.53
10636,746117.56
2845,1315290.2
9957,401205.03
6602,640077.94
1987,386850.97
5127,708290.2
4972,1092015.8
8025,736235.8
8399,501888.62
4911,731857.3
3160,786951.5
3052,946058.3
11340,422232.78
9131,458561.7
9234,363827.38
8277,1160789.9
6863,665048.75
8205,1118642.8
9550,548308.25
5536,542344.8
4895,518586.53
6469,508741.97
5372,404833.97
5650,294699.03
9786,593728.75
328,574533.7
7691,917794.75
7669,477148.66
10306,1198506.2
6176,396367.62
8508,559709.75
11969,339090.03
8452,281237.78
3183,1042313.06
4338,440948.88
9320,378996.03
4542,828594.56
8793,415175.5
5122,993031.7
10993,898351.44
4490,553070.2
10144,995463.4
7921,601681.25
10887,2010002.1
8219,1306143.4
10774,686953.4
6239,610207.75
3818,454864.44
1267,716347.6
8505,435677.06
5369,497194.84
8935,522747.94
4810,527949.4
7647,823859.9
6762,699914.06
4266,574972.56
7067,735307.6
1355,769265.75
1785,296276.66
3165,341178.06
7824,1540363.9
7908,897422.5
2258,566703.94
796,591656.94
9894,536122.94
2513,530758.0
1122,406192.9
3617,461132.1
2642,530192.25
11325,286865.34
6649,790802.5
3905,410854.6
7595,483815.4
8250,1151705.1
10784,650980.4
10888,1369085.8
9019,394773.56
10716,858829.25
9539,736568.8
3626,320851.6
7640,653248.7
10682,1233592.9
1018,428737.88
8761,408070.22
11605,436984.56
11715,1266779.0
1116,627726.2
1031,446584.25
4813,465906.16
8486,300827.6
10949,846251.8
11287,616538.75
4557,692781.8
7340,403683.62
3983,350060.6
7102,1163413.1
9024,510426.2
1972,866051.2
744,367111.5
6864,564568.94
2295,620058.6
5234,1493427.2
3615,635122.2
11918,342402.66
3882,385204.72
7056,571373.9
4168,436378.47
7359,1141954.9
4926,1194995.6
7662,465753.16
3157,769016.5
4294,625783.4
2656,356575.84
11196,519285.2
2517,622106.4
997,586187.44
4539,394358.34
9629,666505.44
5717,431978.56
11134,315651.66
2285,622561.8
5925,981389.7
749,557132.7
10964,908678.94
9950,824708.2
11299,610872.44
6570,396034.53
9819,612233.7
1552,627199.4
8807,383311.16
2978,539307.4
4714,387701.72
11311,483651.84
9828,349447.9
4139,437710.1
6240,381362.1
10766,831190.2
7732,756579.3
5386,367945.47
8496,1689357.9
6068,413959.22
11819,389900.28
7857,859895.3
2982,430178.22
11247,463724.7
10495,795120.8
1807,522486.28
1742,692395.8
10696,563066.75
11669,495696.12
8510,413988.78
10174,550307.3
7338,592257.1
5434,370464.03
7382,738089.94
10584,921120.06
2367,299897.56
1525,354301.38
7531,1171335.6
9657,734575.25
10498,654041.56
1904,312077.72
2162,625740.94
8913,408616.4
3839,506826.97
8191,1010609.56
3128,942076.8
8120,796284.06
2049,355564.84
2665,456124.9
9444,597977.7
11328,411216.5
9871,719522.94
4172,457564.84
9552,1045029.7
11751,441672.84
3583,383527.34
9833,419678.78
1902,791964.3
8719,862290.0
1240,665264.9
497,589112.94
4222,466716.5
6324,638629.44
8302,623420.44
528,693438.44
1585,522486.28
242,775124.94
5451,478761.88
10915,572373.3
1731,324756.56
1141,948584.75
4968,1161595.2
5208,685590.8
10276,922914.56
8215,507624.03
663,422987.84
11583,436935.6
1334,374313.0
2597,768146.3
1879,341664.56
5718,1106452.6
6924,801009.3
3235,866381.7
5366,424670.28
1564,560665.25
5666,328621.9
10453,880748.6
9504,427907.3
5410,409341.34
5558,586944.06
4608,664890.7
5577,414781.53
7248,507469.97
2272,444863.94
4237,473223.7
572,522858.75
4198,421857.6
7020,288223.47
7409,923479.2
3497,524261.72
9937,545833.56
7210,479680.72
8546,1141830.5
8712,516742.25
10477,935585.44
6041,481843.4
11748,427302.6
8717,885890.3
2855,376793.4
860,411077.03
5153,959656.6
6726,823518.06
1278,514528.0
9595,361445.66
3798,399287.28
5003,932553.8
10760,620733.75
11220,459069.22
1889,355617.2
11502,330874.7
6050,755134.0
1570,313257.47
9452,642856.06
667,294770.2
7499,1030927.1
3028,734939.7
1036,396625.12
6149,547232.56
1317,459048.22
217,678948.06
4176,482442.3
6957,623370.56
10055,719522.94
4898,679243.7
1306,350151.66
6587,752290.1
10843,607398.9
10763,949199.44
5704,418113.2
5120,960076.75
8820,730297.44
5350,386803.9
8696,619067.06
7703,771468.06
2274,503883.6
6173,518140.66
2283,516166.28
1405,625494.7
1160,714972.94
595,925092.5
4089,317893.12
1167,477822.22
11025,561198.2
10345,867636.3
2322,459239.0
6985,718329.2
2402,370692.34
5033,681678.8
9365,463186.84
9825,502950.9
1202,720877.1
126,549611.4
120,413356.06
8832,275080.4
11324,563720.8
3226,382316.6
4354,410715.16
11063,1293517.1
4669,661890.3
1097,337181.4
11978,634626.7
1134,408727.38
5724,391695.5
11253,724398.6
950,748390.0
11723,468214.84
2288,413106.38
7856,585932.56
2568,603848.25
2711,444407.16
5687,405064.38
1289,794069.3
4109,524715.8
9808,550275.0
6775,889880.2
10297,551802.2
1293,476741.06
2516,579705.44
1224,474815.62
386,1018173.75
11725,585273.56
11935,453012.6
7113,721236.56
11404,733293.25
11523,409903.1
7376,940414.7
4152,551746.5
1825,515670.16
7893,486827.78
1501,382156.4
8734,476905.56
4861,523272.16
4605,752341.94
5237,757769.4
7781,892969.44
3773,440868.72
1328,578230.7
7094,873041.94
7096,567833.75
9159,404392.38
10779,418842.94
5301,880668.4
3233,667547.94
6032,600881.06
2798,367199.22
1973,321182.4
465,353393.25
9089,389162.53
8105,1051329.5
4806,672902.56
10749,771795.6
11829,465326.3
2838,462772.7
10361,469012.6
1148,923151.7
11164,405844.84
7270,434783.47
8850,396786.2
429,711378.3
4599,569234.2
8673,362648.47
3447,472536.44
11402,527480.2
9008,379331.3
1089,438468.4
9891,680990.3
9235,469782.6
1556,462508.56
4894,568621.2
1276,860185.4
8856,459168.47
9640,657284.06
6900,586002.1
7211,828932.06
11345,950480.2
5115,1191533.4
2303,739188.94
11816,495033.25
1309,559252.06
1060,417753.72
4692,651917.75
9520,1066506.6
3196,890776.44
8033,727261.06
115,436707.28
9003,559982.9
2816,402866.22
5086,812373.2
10686,616304.8
10436,1001978.56
10942,535419.6
8583,453671.47
4739,360134.78
5484,458216.03
5684,743761.6
8593,400222.53
1713,447758.6
1791,434999.47
3642,398154.75
7772,371034.9
1266,498639.9
1349,474949.66
227,888587.2
6598,989259.3
1125,472887.84
4243,372860.6
1715,423857.7
3908,398377.78
11559,422610.2
2570,1172460.1
2206,297391.66
1940,446397.9
8155,1080231.1
7727,868203.06
1465,508102.97
11627,460163.75
10096,688239.1
10320,965788.06
8384,509111.94
10047,812106.44
5942,1060132.1
2374,345975.03
7562,1312913.6
9608,543823.94
3466,563710.8
5099,1247102.6
5838,412866.72
5783,397970.97
8889,1364070.1
6466,420090.9
5374,327545.47
693,380831.5
9765,797606.06
9496,1046103.0
4137,615240.25
11433,487080.1
9955,790546.44
6992,850257.94
8887,635059.2
6417,1160815.6
5709,566853.7
140,1746606.4
778,519420.38
3582,493667.16
4820,574508.06
5488,716408.56
9921,715983.3
3653,432406.16
7314,585688.06
1515,749900.2
2251,472065.2
7594,798447.94
5846,755134.0
5648,734703.7
11280,610872.44
2747,358567.16
492,604078.9
4998,1162845.8
9154,356649.84
2629,476647.1
2556,395157.16
3469,912009.06
2088,409466.2
1743,355599.72
9228,848644.56
10738,496516.4
11564,441815.9
3090,681641.3
9191,620172.94
1555,442257.22
121,741553.1
10894,901801.3
7757,964513.25
2489,1227748.8
6681,667782.3
4494,412349.38
2645,595690.56
5742,579960.8
6434,527041.7
4145,365130.16
6632,815095.5
6645,621387.0
2324,526976.0
1850,572120.3
7529,804485.44
2579,743879.4
1610,323395.0
7344,692473.5
11721,309985.4
812,364762.75
443,547912.06
3975,396670.25
5370,376590.12
1288,514826.28
5337,418244.53
7035,779495.7
4962,1095881.2
2939,492018.78
11768,435549.6
277,880522.94
5716,571169.56
735,535412.2
7825,1018405.8
11766,586722.9
6060,480727.6
2236,873483.8
339,539001.44
8077,1188336.4
3481,915990.94
5400,401144.44
691,387582.12
9898,818316.3
5864,344873.16
1216,471863.84
5511,793897.44
1072,355202.97
5651,430768.53
2620,597262.44
10614,518515.7
10038,750901.94
5947,518797.6
6282,605187.44
574,370153.97
4642,465906.16
3134,364758.72
2915,483722.56
1830,419987.7
5988,443923.66
3013,564992.0
10546,1078936.9
6447,360046.97
11391,429160.53
1543,673455.1
11591,487080.1
8454,337721.6
5797,490677.4
10597,766018.94
3526,563710.8
6680,471024.4
2605,349721.03
2418,334130.53
2135,608912.75
6813,379705.84
11227,883300.2
9601,377210.56
3858,378453.03
8446,452802.22
5965,501399.28
1541,387750.3
2630,419710.28
8056,712511.44
2918,542461.4
2762,743879.4
4153,1429655.1
4415,691066.8
8694,464967.0
8014,1288129.2
10075,566413.3
7836,381890.47
6253,393622.75
8310,320233.38
2803,368487.03
7153,718288.3
7589,666652.0
3736,786046.8
10072,887516.5
5906,766732.2
4990,654594.44
1667,385603.97
229,689780.8
644,321290.72
9794,542967.1
1475,371038.6
7590,546897.5
10849,566033.94
3213,691027.3
7242,632937.4
5457,823890.7
1000,415246.22
9403,968426.0
4702,321564.6
3958,620108.94
10387,594436.56
4925,1265919.1
9449,408780.2
911,509729.66
6932,659721.8
6605,379814.25
9726,391231.66
3669,320851.6
10068,710595.56
424,1022106.25
5756,479963.25
11269,508663.78
5889,465395.34
6798,1313595.6
9349,377889.06
10995,1182618.4
7574,728031.94
1037,438439.56
4187,430334.8
5509,566853.7
5674,360764.03
352,672444.8
4624,611156.3
9577,415329.38
3230,672902.56
575,471102.75
556,477300.06
541,580726.8
10973,1062461.6
2659,436998.84
7554,480328.1
7660,624781.7
2080,1133119.4
84,326216.47
726,643751.7
9814,724741.94
4356,295304.6
8809,811094.44
2209,469369.66
5792,320424.4
6519,638629.44
283,561930.2
469,427175.84
11369,1201041.6
1013,567021.4
2484,2873132.2
10008,896341.06
164,693879.1
1434,337090.22
9873,557378.7
6606,537309.3
11930,368836.97
6648,605925.2
8408,353626.03
5912,426209.7
2676,622106.4
6380,578630.56
4874,492228.7
382,724515.3
1498,505798.44
7591,486897.25
8315,425361.72
4913,760923.5
6017,492727.62
8285,1537957.9
10285,1281047.9
4115,381320.22
4685,404719.06
5071,1018718.06
11609,490193.03
9733,830395.4
7971,1118302.9
4652,425348.88
79,641241.2
4934,799481.5
3137,492369.66
8512,516742.25
4751,946920.8
7516,634417.2
3547,385573.53
1431,814339.94
9859,396496.28
9839,520501.12
4290,520002.16
1818,426288.9
10371,801746.3
6851,792785.4
8989,562260.3
10966,707077.5
344,981075.3
3535,479347.75
3203,376968.34
2478,639784.3
7220,1001077.25
1163,769850.1
7800,844477.7
7776,456922.22
5240,953184.2
94,484935.8
11893,287628.28
8429,415289.53
10260,653954.06
1558,324253.94
3996,482442.3
5424,2783812.0
6411,663695.56
5110,706062.56
7354,483641.16
544,563459.7
11110,404429.78
9813,454510.9
11871,431698.53
11501,413053.7
8143,1200357.0
7632,1089716.1
960,445612.66
9954,673078.3
7447,847655.94
1866,1128238.1
290,660733.0
1128,724592.44
6540,592704.56
3186,509825.72
8023,459707.1
3801,339287.1
8288,1694981.1
11484,547454.0
4000,520857.25
9758,968910.1
2526,384769.03
2777,374256.12
8665,400446.34
6560,443477.88
10505,525505.5
10934,1404296.5
7943,576635.1
6344,593783.94
9051,559339.0
2598,478298.6
2825,483855.78
1057,474977.47
10535,865113.7
5462,516210.53
9136,384114.84
8490,472219.72
875,384603.94
8474,607421.44
11006,663329.8
9196,602827.8
7437,586914.1
10500,1371462.6
3811,420461.84
3715,494918.56
3814,371696.22
5634,466759.8
7331,804485.44
6279,734586.9
2573,558707.1
4307,408237.34
1174,592973.56
9759,808195.2
9314,580711.8
8141,1053286.9
1702,710496.8
1420,990853.25
6026,570288.5
5732,578230.2
7126,838932.3
7304,521942.2
4940,1054272.1
3861,424110.97
2541,659924.06
5565,549662.7
3601,380219.84
10804,865718.06
11102,434800.72
8617,370267.0
7222,786308.94
2141,361618.44
1356,590259.56
3098,831114.1
7935,1055128.1
4318,333308.6
8217,835859.1
570,1275887.0
8368,329941.9
3051,731270.94
7964,594119.06
1949,439717.6
5593,364470.8
5919,433232.06
7360,1350451.1
1009,422911.47
11896,520339.9
6972,876223.8
3802,579018.25
4955,1069318.2
4734,743315.7
9295,309418.16
9092,717433.44
9045,587718.94
7060,476757.28
11118,468428.88
8021,818334.56
6460,327569.56
3806,351464.3
3385,1608364.2
11478,393660.9
4657,491382.84
5592,493697.56
928,484893.1
2146,327240.47
1988,531019.3
397,775468.2
1538,430380.78
7014,459192.47
2667,730040.94
1822,303635.72
1323,749900.2
5926,544909.2
5423,387056.53
5200,973958.1
7318,474472.22
4840,518771.6
2861,582305.94
631,410319.97
5760,347428.75
4321,668781.3
3205,933137.3
6745,987249.94
3026,1153214.5
5768,572877.75
3431,502901.47
873,396723.88
11186,695892.8
4007,438551.03
1852,422041.84
9644,749915.7
10648,516422.38
3803,327391.28
2532,504130.25
9072,407218.12
1776,519698.38
10148,733255.5
341,479817.9
10816,776060.1
10579,934148.75
7671,782054.2
6751,436860.6
4828,617807.94
3359,730603.94
1380,369170.66
6326,477217.6
9874,375218.2
5829,491356.53
10073,523790.53
2448,488006.62
8012,934956.0
3557,496633.53
7975,829386.94
1459,518573.03
10162,891236.44
4046,434577.4
160,1416214.8
851,464178.84
533,718761.1
10385,593606.0
11271,538431.94
7942,574396.8
5968,466563.12
7431,745670.4
2179,509902.47
2014,350451.78
2391,540707.2
3894,458496.78
6110,607775.0
9524,573038.2
2626,677633.0
5602,407707.03
9880,375791.1
6390,571478.56
4774,725720.2
955,382606.2
8128,588926.8
4021,376044.38
4255,465334.22
9027,388916.28
8829,399842.2
6793,619114.06
7775,719547.3
8623,509111.94
11432,339133.78
2868,325773.5
5755,482638.53
3945,580902.1
10650,739412.06
6513,425064.75
3953,505919.22
5721,359811.88
2552,318716.06
4600,675464.44
2865,480831.22
1747,925398.8
9479,1096044.4
6739,446109.75
3689,394393.3
4371,487972.56
10867,684261.7
5224,930632.3
11777,954016.44
2871,354248.9
7599,582948.25
9177,373533.4
3124,724613.25
2981,384526.34
8335,435547.78
11395,348956.12
760,495820.25
2942,408782.66
8371,507411.9
7247,1106897.0
6313,425630.6
5336,347617.34
6492,554553.94
11704,944834.56
6960,413010.03
10159,532891.3
1263,436065.53
4044,438841.9
8950,417744.06
4521,688732.44
5255,1195132.6
9194,483771.75
6018,658031.75
10878,566396.4
4627,445371.97
7667,531395.4
8735,436772.34
6168,519006.53
9330,560698.1
1588,357302.53
7646,1010765.6
8630,384949.66
6845,740617.94
1181,2042975.6
6209,524992.6
6372,506970.9
11754,476853.94
9943,549044.3
757,402197.1
598,1146222.1
10062,569113.06
9011,525297.56
383,514005.47
3833,290180.84
4047,427647.84
1664,292525.88
11230,568559.5
2543,606077.9
3324,747957.44
6883,468503.4
9560,334819.97
3987,450027.78
11489,402254.34
5359,360208.0
7463,763726.2
6784,698126.56
5617,343545.78
8292,5075103.0
9106,697651.3
5643,409587.53
486,598631.1
3133,706309.56
635,332719.12
7952,619893.6
9181,396229.9
9670,533808.3
124,706319.06
2971,455900.6
3711,488902.84
4496,585616.4
7221,691374.2
3879,698365.3
1772,415317.53
4191,594554.2
10669,1055837.5
1487,579776.06
7074,670310.06
11046,590284.94
5567,481092.6
5892,339552.72
4167,412608.5
7767,658054.44
8605,424146.9
3872,616559.25
2923,297267.28
6941,580223.06
10147,835129.8
11941,573208.8
1172,448562.47
11302,764489.4
3373,392590.0
7510,689789.8
3050,436327.78
6730,501561.1
6339,850251.1
1384,391753.84
11985,401439.97
10382,758094.8
10163,733129.9
5192,812203.7
8356,691945.94
3718,346129.03
6101,317866.03
9381,436571.72
8083,944865.56
4265,350977.34
6759,544133.1
4939,1285160.1
8223,1715352.0
526,500345.3
3555,368931.8
6179,511235.44
8959,411602.72
5952,457537.12
3538,383527.34
3182,353933.88
11956,1264706.1
3129,836327.3
11765,287717.47
8491,445160.7
9919,1103412.0
2549,873214.8
6568,709838.06
5974,394631.34
7436,918670.7
9399,337112.8
6051,407767.06
4094,366482.22
176,595498.25
10813,2268694.0
957,460738.2
2604,488006.62
11130,329916.97
607,536753.06
5895,483202.7
3767,355058.66
3604,396928.97
8047,1177622.6
929,347525.97
1689,480279.06
5600,458607.53
6099,431962.06
3486,366936.47
3074,818712.44
11318,410700.06
5782,847603.94
10836,505627.94
9268,405075.78
561,627743.3
11250,377883.4
1595,564639.06
8960,481276.6
8450,363208.84
9372,389516.62
4761,607988.7
11078,819643.44
6428,606128.56
6891,369867.9
8736,492337.1
6236,481843.4
9455,759175.44
6604,441748.84
9631,301538.47
5277,1982622.8
854,321889.47
4997,819028.25
10490,795554.3
789,421467.84
8900,448468.25
3020,594630.2
11885,411461.1
10697,1290060.1
9602,387840.34
1046,551862.2
3891,326711.97
7673,897232.06
11762,433014.4
8266,900777.75
9333,896495.0
10253,776875.3
5936,388862.94
5444,401282.84
4540,454171.84
165,438681.88
6265,660191.75
10262,830093.44
4082,511425.84
7199,610220.3
4292,342172.0
10829,1225888.5
3488,610189.7
8626,572898.75
1808,761876.8
11251,590712.06
4735,828594.56
303,881513.8
7469,743714.56
9439,358888.88
11653,374771.16
4306,289865.2
136,398723.2
2786,855939.06
11948,477067.03
5128,863267.5
4180,497974.7
516,581380.4
2311,374725.1
1815,659873.6
4223,401630.97
11043,946679.1
3005,707107.8
10932,1525390.1
5987,345461.1
6578,954101.0
1617,524361.9
3900,391370.47
6215,484787.12
2253,409466.2
11080,553121.06
11086,1357628.9
6765,610410.94
4322,323390.12
3143,664991.9
8737,413473.9
1638,594317.2
10826,662546.6
10236,788962.56
11666,321375.5
11825,328319.56
10596,1026628.44
9441,913329.75
3836,322754.8
5883,506039.6
10141,1053631.5
4213,455032.16
2921,610170.3
7443,418742.03
11995,481550.53
10139,459504.0
6969,753345.5
6400,711821.4
3087,606176.25
9357,514404.2
8691,447010.1
324,1555407.4
9093,676068.5
7679,1015955.5
1144,471293.6
8825,340158.03
3060,779432.6
6436,682741.8
5023,830902.06
2053,439969.94
7072,671520.5
11891,376949.6
11307,354029.0
5149,1228455.9
3113,644809.56
1992,371818.4
587,479618.34
9242,323719.94
9621,565291.1
2779,2191161.2
11103,491705.3
10587,933446.6
9780,777535.3
6027,444633.28
5513,461573.78
3092,530437.8
8348,355547.1
11801,363617.16
6779,706781.3
8997,488990.0
10747,344408.03
11735,420705.78
2175,687175.56
5672,272593.25
1019,746852.06
9742,1960269.4
2618,565494.3
1200,330182.66
7763,584943.8
7449,533277.3
2299,831749.2
2186,331619.66
5109,415541.72
8965,362725.94
8193,612105.7
7064,744036.06
6880,523075.22
11652,562512.3
11812,474316.72
4709,649430.75
2520,484515.1
6904,692577.0
5599,586485.94
7254,403249.78
3985,309054.47
3721,272961.8
7891,729597.9
10017,1010888.8
11277,348956.12
1316,366998.72
5139,1005346.44
545,1355130.4
3150,941170.8
4018,572321.2
677,327454.06
1302,952173.56
3944,312302.47
4208,618733.6
4584,415682.34
669,436579.4
7422,715179.06
9745,590411.3
2664,769177.94
8467,477245.53
7264,705176.06
2965,542414.56
6108,842299.06
8102,785589.6
9075,410053.4
5031,630311.56
9090,654244.6
1599,564148.4
6918,948271.3
4359,450149.25
2120,400418.84
5637,452619.44
9030,373738.4
8428,449217.38
8567,501488.16
8619,441371.34
4488,551060.5
9047,343782.97
10670,984674.06
11120,510929.7
11124,384229.88
2710,419642.03
8441,550116.06
419,1018418.7
2132,439717.6
3800,356383.34
4144,361026.66
3091,1234965.9
5371,419246.44
3214,602520.1
7429,433321.34
4258,491290.78
7446,850695.6
5112,1142687.6
9692,653564.2
5448,375727.97
34,853977.06
7275,587308.06
620,650074.56
7333,1021568.7
11338,973450.7
9134,417572.34
6220,482938.06
6655,459897.2
4004,581193.25
6821,966340.1
6426,471677.62
363,744192.2
8631,298989.0
7792,1320465.1
5228,1273644.0
9074,418410.1
10961,348720.75
675,365686.72
3476,602628.6
2771,695789.94
8103,1010492.06
399,806452.9
7282,323268.66
11828,518477.28
3529,351585.53
11900,449294.06
4024,346532.25
648,249724.56
5261,1084065.4
1757,1188013.5
5778,429701.53
4611,423021.72
2144,703607.75
2748,615285.56
5706,569980.9
8153,720825.2
8980,531002.7
3238,887080.06
8150,674252.44
5389,386638.9
11276,466333.97
3415,478888.84
447,698509.25
183,461851.1
2291,345861.97
3177,678175.3
5399,409695.4
318,794810.7
134,642611.9
9929,948565.56
7665,747392.2
6879,519705.72
7807,1386386.2
9727,818316.3
1843,348312.22
2787,564742.44
3268,437077.06
10933,397177.5
853,439082.34
8814,905553.0
8224,369389.38
9100,666377.75
3281,772531.44
1030,396501.16
10353,1008520.4
5050,854117.56
4698,430388.28
10726,569028.1
10138,783343.06
6135,543497.56
10558,1005864.9
2962,658742.25
2490,813976.94
11587,312003.88
10925,1854763.1
5289,2679856.8
9368,709188.56
1695,379308.28
8136,936532.8
1407,648902.94
4399,752341.94
10853,872469.56
5254,1159292.6
3810,450599.78
4519,641021.3
7213,448274.78
865,377319.12
11435,629275.8
11275,535171.56
3221,553232.56
4819,599022.3
859,376708.47
1404,379560.1
6387,628592.94
8859,420790.53
1476,468890.84
8248,908596.94
5658,376590.12
5455,428295.03
9289,569606.7
10249,778304.56
4358,400818.4
5950,444902.4
9684,612541.7
8386,456655.8
7169,1040200.06
5703,518572.84
11464,788069.8
1132,547271.9
527,442997.6
8798,676108.25
8881,408463.6
7629,1371955.0
7696,732611.75
11016,495719.1
11686,377310.2
3290,1037145.75
10230,759628.44
11079,1148148.5
3787,313995.22
5331,366461.47
3704,322820.4
4177,545103.2
2115,394939.3
9351,842572.7
2707,649502.2
1520,922272.0
1439,365633.72
7877,822882.7
9352,461002.94
9178,564320.8
1095,515223.6
10398,646582.8
2046,452158.4
5531,516224.1
11031,685753.56
9678,744276.8
10984,1018559.25
6635,301271.6
11409,414337.28
2997,808644.2
6952,334866.5
3649,419603.34
3627,523045.84
1061,591772.3
2740,578659.56
9987,801903.06
2369,522720.88
601,568727.4
5609,587814.56
6398,730731.3
3369,1335255.4
3166,612355.2
11944,309985.4
7265,647024.94
5381,577387.44
4569,411840.1
7593,690642.06
9563,835694.2
886,568766.56
10531,666151.5
10278,614561.75
4020,698365.3
10363,629292.7
8147,1123730.0
47,548027.7
5750,465901.34
10316,596903.06
11131,405877.53
2096,601029.8
4988,503941.4
6592,472605.6
411,532332.2
323,960405.56
5459,525298.8
8781,728993.06
5342,407619.0
7847,439252.22
4688,405726.12
4070,820748.4
3873,446483.88
5899,314948.84
9117,404006.84
3104,595081.56
8500,921990.0
2819,393902.47
1146,748390.0
7368,1010715.94
7911,874027.4
8283,1133672.0
970,546243.7
2464,353592.6
702,388297.03
266,891327.5
6850,906185.75
5733,306888.03
5770,564256.8
3228,662059.75
7966,779832.06
5613,399917.9
9589,355515.22
488,792987.56
748,347525.97
10255,930065.2
4809,703299.8
4135,580902.1
6196,485558.0
4196,360761.66
5671,651217.4
2743,1172460.1
5216,1128221.0
6939,736004.25
1656,814339.94
1286,563851.8
3760,462957.4
10539,936668.56
10259,415970.1
9247,557941.6
435,473594.4
8229,616304.8
1762,391466.28
6819,398581.34
11211,384273.4
8054,1242686.6
3771,373437.97
3025,786471.06
10996,1283620.4
8016,1078025.5
3350,1138821.1
6661,478803.0
6566,344202.16
4862,490711.22
11336,369793.53
11922,656883.3
1298,379696.44
4525,578089.06
1215,498476.34
9050,562346.3
2069,375736.47
2662,330378.38
408,835801.8
11546,463607.06
9166,350278.16
10805,372601.47
375,530773.0
2891,651013.6
6769,669332.4
9725,738021.56
166,553204.06
7576,740218.44
4512,328493.47
11794,461155.9
11527,418626.47
10551,546824.56
6128,425630.6
11122,530523.25
10291,724577.94
7571,547067.5
11364,454794.03
3716,420574.7
8558,403424.88
4711,571103.8
7170,894998.8
10948,427204.25
9831,401663.1
6636,1313595.6
6152,366458.84
8677,398981.03
5596,426829.22
7243,602148.7
5236,960211.44
8135,336394.5
5594,377057.8
10445,391178.53
10200,387548.16
8048,1074189.2
5583,647699.94
7491,425964.1
1485,495148.1
4725,449160.1
5951,614428.2
6486,686399.8
502,393696.84
3275,687721.44
10166,414137.7
1511,339664.53
1488,468693.6
6735,607670.06
4155,400682.53
1212,707586.94
4302,429391.6
5299,806553.44
2613,391865.16
5090,902489.8
5818,401549.22
11898,394170.1
8664,474741.06
2696,1070499.0
1208,730178.7
7089,630161.3
983,452795.22
2342,645321.2
2649,560532.6
6015,451677.4
7276,942976.3
4741,569293.06
11569,404217.4
5223,964314.94
10331,682203.6
257,643276.5
11418,382003.9
226,1021264.8
1848,434215.2
3394,1091506.6
2338,383011.25
6123,480961.1
4355,398348.62
5244,723991.6
6203,579393.94
9990,784944.56
5161,1021303.0
16,1523492.5
5123,1117385.8
3391,1068060.6
8332,373833.9
1636,521517.28
1718,392638.66
8406,332677.47
6744,801746.94
6940,702512.94
3906,331543.03
11808,283965.72
589,1210463.6
695,454447.75
2147,420540.5
1609,385630.9
1926,577298.06
8212,2046373.0
3946,376601.1
11696,308501.72
91,754707.7
8575,465374.78
9746,945812.1
5390,378843.06
10246,952671.3
6433,428909.97
5918,383107.47
6647,681057.7
9081,357852.22
6923,1329817.1
442,659397.94
5137,1161656.4
10681,453822.22
80,290130.66
2864,601608.0
8199,1040467.0
3991,612392.44
10694,651252.56
10196,929679.3
1562,519698.38
2583,475290.78
1155,379267.1
11119,519285.2
9257,358888.88
3171,601201.8
2056,865829.7
2257,400868.1
6329,479627.34
7567,364726.34
9395,474868.78
8204,867282.94
9200,428292.72
5616,514981.16
8670,366185.97
5178,1164842.9
4030,385204.72
11010,1319607.4
8222,1188718.6
5705,821177.75
9398,480208.97
4118,1148447.9
2097,466556.62
2131,361253.66
6790,834711.06
5121,1279594.0
8437,357194.2
6403,660191.75
6130,449070.62
8568,407043.88
7450,756684.3
5850,377057.8
9461,294348.03
8590,590855.3
8796,392061.84
1442,352760.28
1153,499876.88
5771,618454.56
8851,707121.2
5676,415130.72
2802,1799659.5
2193,776011.75
6450,337456.22
5552,602854.94
2705,815431.4
7111,573417.4
11212,375838.22
9770,585693.9
10213,596296.4
8045,547659.8
6233,448862.2
7747,994268.2
1264,487235.25
9456,491070.47
10534,590474.94
6407,884508.06
9609,408780.2
5211,1042337.3
1483,425134.1
3572,409749.4
7628,1098836.1
214,895305.3
1720,312077.72
2075,738570.44
10557,865878.25
9829,439942.47
10667,645462.4
4981,1042195.4
9681,695102.44
11262,512629.3
9379,568267.75
507,460084.22
2091,522455.78
6260,381743.28
2384,504729.16
5057,444071.3
830,650410.1
9676,738955.06
4808,476180.84
11067,554713.8
8783,576324.7
9262,469877.6
2794,790987.5
11411,441228.9
4893,508256.4
7897,719198.3
2149,437004.66
5587,531373.56
6357,567485.06
4249,358562.66
5689,391889.6
10510,625645.06
1619,345732.66
7147,963589.4
5700,474248.4
7621,662142.2
1484,508539.53
6303,607775.0
10858,687198.25
7311,875197.56
9949,603781.2
10983,1698105.8
11475,612225.06
5182,1396055.4
11508,500374.97
2800,472144.06
833,396657.47
6947,669332.4
10128,594139.4
4691,567844.9
9189,709188.56
2408,397440.97
5148,1184313.5
11368,379383.78
9107,797055.2
11618,397585.94
2036,301248.84
11072,1158485.1
11850,457874.75
6342,357681.22
10609,1657883.4
7219,432441.53
8362,308054.6
5946,293831.34
3881,396433.2
7649,1362410.9
9389,544369.7
6579,631702.7
3691,549166.56
11738,348055.4
11182,511368.34
5004,978270.5
4366,565120.56
2015,471626.78
7114,838040.8
7839,574902.44
7532,651136.44
281,510806.44
8970,701979.1
1523,396853.03
646,334821.3
11392,611328.94
10828,452839.03
1011,609200.7
6925,838040.8
3758,370108.0
10045,911841.6
8209,1206654.0
1682,364722.97
6555,375223.53
11592,340410.72
9557,949757.3
6269,594919.94
452,507693.1
8579,892044.5
10687,335125.75
32,392139.16
7672,576995.2
7806,689183.3
4480,437286.2
11764,340775.1
8373,352968.53
4851,1362140.1
10890,1177396.0
5725,747789.44
9687,396908.34
8116,1060861.9
10621,1777224.6
2219,452158.4
9207,498012.1
1882,284324.22
9804,635044.4
2796,494616.3
9035,755527.2
5519,449535.84
3130,723973.06
8742,390764.22
10351,972712.44
77,360669.88
10409,738498.7
6097,389048.44
1909,335286.84
1492,903680.6
1105,711412.94
10649,986735.44
2001,436621.5
1669,497961.94
9661,627062.56
10962,1127565.5
717,771287.7
3132,703377.06
2264,509730.62
5443,417509.78
4045,383653.47
2243,397440.97
4538,384801.1
1546,443497.28
9526,538779.3
1963,354324.66
1970,280078.97
3126,702294.5
7537,737077.5
6449,842493.3
4577,499862.03
4092,399297.9
10091,524877.1
5844,484901.62
8622,339427.28
2040,558186.6
6934,843636.7
9127,346684.94
2540,761420.94
9709,753314.44
5767,402484.72
3656,386787.9
10394,1098870.5
4800,403943.66
3592,1268710.6
7029,1007754.7
4436,307036.56
1979,377779.66
9239,495182.12
8756,495715.53
2173,398929.75
7544,1046807.3
4759,756068.7
1846,1279809.0
10679,1006877.9
2601,713632.3
776,374400.3
2722,428337.4
9419,431478.94
540,1461135.9
3071,466004.38
4784,527128.7
11543,445265.06
11933,509922.78
4429,502230.88
9202,650155.4
2799,586512.94
3757,433026.72
7257,718386.3
688,461394.03
8455,596326.94
3253,683981.94
6020,383093.34
3065,674639.3
6949,647115.5
5431,352345.6
4869,479925.4
8633,385379.47
725,312621.22
2414,388753.6
6692,408551.78
9782,965028.0
5612,415124.78
5622,420807.25
6185,463012.7
2021,362142.9
8801,501255.97
2176,395409.78
8910,707532.75
2835,378666.7
420,445553.4
878,276408.0
1962,724344.44
2250,516234.53
6078,537976.1
7090,808353.06
11199,400605.75
7713,865635.94
3734,339287.1
11909,360703.66
1855,407762.34
8334,418507.38
5365,478848.0
3539,915990.94
2158,367783.3
10831,889546.8
10124,910916.2
3590,336188.6
596,458546.22
6707,618842.2
7305,645831.06
3770,341194.9
5856,508629.8
4858,890377.7
2468,436656.22
4406,421627.56
11471,372966.53
11291,369271.97
7203,634741.94
9887,763515.94
5387,354254.34
11788,1745603.9
4317,450193.47
4912,740160.0
1705,370734.4
2156,420158.5
5935,747789.44
3057,793733.2
1652,603940.8
8319,324477.72
1547,368309.22
5839,434774.4
7479,794489.44
466,401486.4
1774,501304.66
4880,551107.6
4529,667302.2
4588,592855.3
5581,453878.56
4270,762977.94
10541,528227.0
6255,439956.66
1650,357761.66
6654,462326.3
7327,518284.97
3847,325928.38
4566,564198.25
8091,1049162.9
11343,419542.84
10225,710595.56
3172,752005.9
3782,407793.72
7003,726066.3
11330,300095.72
4108,383800.84
4500,431158.62
2721,745906.1
9728,439221.62
10780,722405.4
10265,910916.2
9551,720781.3
284,792472.3
11633,333258.12
11515,393826.22
746,518767.88
4620,385865.9
636,479918.06
11034,1135051.0
7302,720373.8
2756,742214.06
8835,489464.56
5215,1216839.4
11759,430406.78
9345,384040.1
9180,679376.94
4948,1308865.0
1668,474706.53
7743,1023344.4
1478,824325.56
7312,666165.56
5993,340996.34
11597,431698.72
2535,383901.22
9034,553644.6
10324,423379.47
10665,936959.5
5202,1710252.6
8749,315816.94
4284,907600.1
7955,774159.06
5145,671868.9
1986,354632.38
1767,343327.88
3397,1334065.1
6023,365177.1
7132,1191509.4
5322,381036.2
7371,694264.56
2028,551914.25
6618,858747.56
10036,492048.4
4377,348134.25
5476,408069.8
2354,381557.22
740,452900.72
1258,500174.47
331,942574.44
253,527105.2
10990,1066341.8
154,592567.3
10288,835129.8
826,409978.38
6351,696418.6
9440,730080.0
10944,930548.94
132,810338.6
5328,558691.56
4827,1242132.4
7657,719553.5
11968,369665.72
2475,860541.94
916,413489.47
5265,1452111.8
1249,355399.78
2894,650039.5
784,383410.97
7582,940414.7
3678,760579.3
11197,462155.6
4804,589337.56
5841,376048.3
8448,908551.06
11997,620885.4
3516,449748.1
10295,891236.44
1680,453310.0
224,449939.4
1587,415445.34
10432,1198506.2
1549,624481.6
6350,341738.53
8778,295210.22
2616,1357940.6
5048,766904.94
4743,664482.9
5346,395325.4
210,745239.9
3181,791136.56
10029,547073.9
7054,717411.7
2575,476484.75
7644,955156.5
1521,457717.72
5822,391554.25
9823,519449.62
991,380367.97
8268,1405899.9
2404,468849.75
4863,482609.97
2358,462789.66
12000,444569.56
8104,1133073.9
305,359896.2
6473,366952.12
5831,345088.53
3107,939072.5
2079,356311.62
4783,701691.2
7490,1187736.6
2122,507017.94
11056,1222497.6
5720,981389.7
8804,364555.72
11679,398554.47
8947,346872.03
8729,516252.16
10663,762345.8
6221,461449.38
361,655867.94
3067,529408.25
10082,762860.94
7454,823859.9
5481,375443.53
9923,968910.1
6314,697948.94
9817,419646.56
364,368181.9
10284,995463.4
5309,906889.3
6210,613500.56
10792,610684.06
8854,452630.03
5024,880721.8
3568,422878.66
7600,546895.5
6546,437075.4
6876,511653.12
5811,658031.75
2916,486391.78
11286,491736.1
8132,1019053.6
765,353342.78
4648,720386.7
6662,513569.7
3893,488961.84
1008,418596.72
8313,513959.22
4597,417207.25
2885,456885.72
1093,435817.53
7160,546096.06
10625,727037.1
7890,705304.56
10330,284177.75
5352,410877.53
8981,393044.03
4737,639339.06
11184,441693.1
10244,766180.94
9221,795721.1
4245,806159.06
8407,376228.4
1090,402231.56
96,558176.2
9370,334256.03
522,651931.9
8911,553261.0
6945,672249.2
10250,512005.0
4866,570983.7
62,549611.4
3285,1201421.4
5510,745595.7
11706,513618.12
817,893974.94
1368,423307.2
2512,789375.94
4666,922183.4
2502,436998.84
1783,482334.88
10994,707698.6
4561,461313.7
491,792828.75
1966,720890.5
7008,891287.8
2459,484470.25
10063,411700.8
9886,402056.75
9135,783202.56
276,1000580.8
4495,414199.03
1891,455004.62
8615,665493.56
333,441913.72
523,722890.56
7822,766607.44
7355,927162.56
7605,999166.75
1335,525657.0
1800,627285.56
3746,642571.94
1332,354301.38
6472,527872.3
7960,1232001.8
11321,450522.9
4778,625888.25
5143,715051.94
10078,747205.94
10797,746511.94
6782,681193.4
8788,673837.25
2640,2873132.2
5356,607712.5
519,887142.2
5940,726148.4
4236,353327.84
899,312621.22
8609,471608.28
666,352671.1
4368,595883.44
6610,706781.3
9803,826863.9
9434,622030.56
6226,499555.53
11938,468513.0
11316,394161.34
3750,379270.06
4680,587232.56
6063,451804.4
10776,1034383.9
3277,692037.8
63,529072.8
7198,428812.6
7456,1001037.8
9926,819990.44
9668,1096044.4
6165,815710.25
6616,563950.2
5316,435236.97
3383,577581.8
6896,873041.94
660,328040.56
4905,620397.7
11795,607349.7
8791,342431.97
8013,995264.25
10635,616583.3
9224,631089.06
3209,991741.2
3465,389002.78
3910,411536.97
4199,354732.56
6356,586078.3
947,300066.5
7624,989339.06
9836,1152469.9
2539,384427.06
9935,425654.38
1270,508105.28
2462,467416.5
750,354278.4
8271,1007909.0
6983,547036.9
4908,613007.7
2355,800685.44
3506,481217.16
5065,1005914.7
5493,436949.53
4552,400818.4
6533,745788.06
11455,297845.4
2507,502567.12
8015,633459.75
3362,826331.0
11863,371801.16
6536,539683.94
1096,315110.84
6266,408585.78
9004,582943.06
11297,394161.34
10347,823465.94
3611,401911.03
7026,555555.44
3118,823189.56
8186,945251.56
3347,952623.56
3934,362155.28
908,346554.3
373,988405.3
884,312143.16
6736,443477.88
1813,354632.38
3400,896405.8
6998,905824.94
311,633598.2
11380,504177.62
6800,450307.22
3282,1073389.8
1700,534330.7
11390,320269.9
4312,553135.56
11333,444734.2
3989,443058.75
5324,433453.88
5557,414084.66
7261,1088520.2
3264,801064.44
8632,522246.84
8206,995314.1
5646,479967.78
2859,468113.84
5954,472042.06
7504,778737.7
11655,350783.84
4114,511085.34
2935,408109.22
888,498744.12
779,328332.1
10532,889394.94
10269,940415.7
2663,308047.1
3101,888775.8
5555,426985.47
11342,482668.72
11556,420705.78
11235,372824.22
8330,429042.28
3870,440868.72
6011,475570.66
9718,491761.97
1071,529178.8
3141,921028.44
2848,550213.1
5046,788199.8
4837,635777.94
1468,388088.47
9469,565291.1
5938,529510.75
2334,348636.25
8996,415128.84
9764,481182.88
1451,406111.3
8521,438790.0
11272,364362.78
6228,431658.4
7301,519718.03
4129,404620.78
6501,503209.66
7868,928042.2
4585,649719.8
2394,350442.12
9138,485556.03
2950,599672.06
2623,727501.8
2806,727501.8
5978,530583.1
11440,437713.78
10600,887140.06
8922,351583.4
2241,459996.78
657,671394.1
9656,463127.53
6721,418648.34
4308,331056.94
3929,550676.44
1253,413174.03
5218,402267.03
5281,861081.7
9263,597977.7
5753,542344.8
10084,576628.7
4101,380823.2
5441,407269.47
114,461156.75
8890,519944.9
9391,646636.8
444,472059.03
981,617101.9
1004,333366.0
8640,400480.9
10646,1011183.94
4922,739765.3
714,332722.84
3692,509875.97
9423,316720.97
2413,471194.3
509,555748.8
3556,1268710.6
2807,373952.84
10699,294519.4
1567,545326.2
7303,663936.8
10222,609620.06
9666,521483.16
9132,478949.6
5167,872916.1
9040,1005662.25
7310,379991.34
5321,972049.94
5059,602533.7
7306,512508.97
2828,517464.53
937,2090130.1
5164,875263.56
11168,488686.47
1784,339777.16
7708,703391.44
8559,340952.75
5808,523938.84
7771,759817.8
438,649803.8
11660,452089.7
8705,463901.28
2652,706736.8
4210,312620.66
9797,557422.2
8702,521879.34
7635,902390.06
6724,539683.94
28,720208.94
10802,721867.1
11231,425091.72
3018,681069.56
3482,446059.44
501,1101946.4
8671,338999.28
5404,380371.47
9537,433346.84
131,369690.34
3933,441739.97
1150,734640.2
1671,455686.0
10656,752494.2
2873,612765.4
10869,465576.66
8251,1708818.1
175,529986.56
8449,416065.84
11737,491214.75
5118,1037743.3
1177,2228546.5
8803,353029.5
5472,333902.47
5902,363236.6
3714,268025.97
1279,483537.56
10631,621540.44
5522,343989.9
4530,505761.34
4043,427172.97
2636,302266.97
5314,346220.7
369,581193.56
5530,810092.94
10893,524849.2
6752,572180.2
3724,383128.66
10811,720826.56
3663,494918.56
10444,862171.3
3543,454405.66
1338,595218.5
9535,678743.94
8127,797349.06
9015,341275.2
8713,385094.06
2262,450105.66
8400,528312.5
3248,1216360.1
11843,356052.1
11595,394043.88
3457,349906.6
3340,939606.3
8920,436772.34
11728,335119.66
1464,570615.94
405,787833.2
3532,754858.3
3761,322820.4
8661,610765.0
3041,588684.7
10137,487812.03
4792,395311.22
7678,879222.44
1490,425365.9
8769,476061.97
5133,990733.8
9812,958515.94
6593,685618.0
1173,447820.56
7653,761336.3
599,1428429.6
3925,559445.06
4897,425256.84
3299,608926.56
9848,477283.03
10080,365018.22
3695,429885.38
9967,551200.0
4616,579534.94
559,756283.5
718,350073.9
2951,473594.4
403,767348.6
3038,520120.3
9069,631089.06
2624,475676.4
1721,922272.0
8139,1196990.9
8110,878213.7
563,436928.78
11265,637133.56
9730,480053.16
5195,843092.1
483,609059.6
6019,887214.06
7193,748547.2
1275,595672.75
2988,327292.84
1766,1399710.0
7461,972308.8
7274,701907.3
9274,683914.9
1078,657016.8
1413,375881.97
1365,313257.47
7432,1088520.2
5333,369583.16
3562,404507.4
3690,490284.47
4517,492670.88
8458,293377.2
7122,672786.0
4472,402791.25
6349,611355.6
4300,650083.7
11309,488106.16
4523,574522.3
3459,369098.8
9325,720150.25
11088,360351.22
11890,442833.78
6785,711917.4
5495,532857.2
4531,647781.3
11092,498054.16
3971,451675.62
9578,925579.7
4339,504621.84
5633,538820.25
2897,748372.3
1176,416483.78
11317,489090.22
2487,528804.8
758,435735.6
8909,373865.66
10952,2268694.0
7570,779064.8
1450,379584.88
3202,528241.56
825,456823.56
2412,838423.5
521,685643.2
8220,900056.06
7815,1087607.4
7233,706827.25
7734,725427.56
11348,401116.72
9404,391067.47
9508,679347.94
979,742916.8
402,777153.7
11606,652428.3
2225,1026837.4
4357,650951.4
7853,716596.6
948,517606.6
6092,528230.25
11141,370336.4
4473,365015.22
9259,770284.44
10572,834678.94
7601,884526.44
184,471830.0
11834,334123.66
9009,421095.9
11439,290560.66
8481,563263.8
4141,411773.4
5774,509787.03
1399,448562.47
5529,681595.3
11113,346212.84
10706,710850.25
4543,674922.5
9183,518696.44
5319,379541.94
3483,514526.6
3305,1200743.5
11028,870727.94
2457,462625.84
2067,408429.7
639,379847.84
4750,1005767.6
3741,340911.53
10595,709807.8
8374,386841.03
5564,465885.9
4805,757220.2
9940,1211389.2
11206,491736.1
1452,415660.3
7197,597155.56
25,405023.44
8291,1574944.8
11115,530045.44
11129,400058.28
6809,605925.2
7885,522125.94
7051,959673.4
6475,461189.22
1331,640627.06
652,427207.66
5252,1331892.6
7200,767933.6
5060,995528.2
1333,423731.78
7339,430731.03
10380,603196.44
3763,360387.34
3083,382275.66
4780,683954.3
1436,736103.1
1206,426298.53
4403,516617.1
989,1573628.4
6763,641259.2
4104,591405.0
6362,485558.0
8261,1737919.4
11551,463397.4
8210,891591.25
4221,692244.1
5866,372969.6
10099,374406.6
9043,460823.5
11799,483102.94
4214,551557.6
5945,479849.38
5958,462681.8
8754,663213.94
4260,411848.4
845,411606.38
2564,520247.22
10143,795780.0
7558,578223.7
7566,797141.44
5517,431978.56
2683,735339.94
2228,508526.56
3063,1052245.1
7361,571349.0
10707,509079.1
1245,454694.9
6451,1050005.5
2961,542583.5
7526,1177436.1
4331,492670.88
1566,443555.3
2542,440940.6
4707,550908.9
3421,637458.06
4745,550849.5
6961,698126.56
11815,801592.3
3668,418078.7
9847,530434.3
474,627949.06
6907,458054.75
371,458003.53
4803,596801.5
481,756757.56
8751,309290.22
1062,320082.1
10229,551735.8
7620,651268.3
4799,926651.8
3990,587819.75
5735,681595.3
2224,400147.84
6580,781184.9
9215,560123.7
11005,1686481.5
547,496475.1
4563,595883.44
8716,357878.6
8627,512122.16
5440,513616.84
2732,376182.22
8002,1007806.94
11984,499391.12
8979,564089.75
3871,690426.0
8509,372851.47
5249,1193654.4
10069,1028059.4
10632,895400.7
1054,503369.5
11899,288550.12
3106,780524.6
9179,649497.56
4037,601122.3
2184,456523.38
8714,686253.6
6156,736226.44
4478,708562.7
9655,543713.8
1827,479574.8
9500,832419.2
4613,500962.84
4975,920719.06
4417,417723.78
7547,551388.8
2019,411861.34
2203,385613.53
9411,423493.9
3509,477130.8
179,391789.66
3352,702897.44
8049,602371.3
2936,787833.2
2994,303831.47
5588,331968.62
10544,893090.75
4138,495683.6
5310,1873123.9
300,660733.0
2050,441764.34
5944,576309.8
10666,1056729.9
7515,499492.9
8295,1251479.1
4918,413722.16
2263,498890.16
2191,618657.94
2287,376103.47
1579,353558.25
11746,560251.25
6653,882805.5
919,310463.47
10798,633265.9
6825,371852.84
7901,791782.8
7343,709524.56
7321,953780.4
5461,362738.72
11915,498746.72
8948,365622.78
7972,634430.25
426,625275.6
2694,633608.1
743,488892.94
6263,319651.47
2733,461143.78
11337,384918.66
11555,476788.47
4375,619374.75
10308,666515.44
8581,450584.56
2752,433951.03
7458,1362410.9
6554,607677.8
2958,880457.4
8459,395632.66
6432,372252.03
8873,373815.66
565,713886.44
10059,682790.8
6586,1073375.8
3823,424522.2
731,315536.78
3144,878625.5
9822,538196.5
3273,1036087.94
11690,402806.84
5303,788221.44
4507,490116.62
4150,414349.62
137,548207.4
1998,416664.78
7862,686191.94
6834,495650.88
5155,1641886.4
775,307285.22
10559,1348716.6
10251,549719.8
1242,343966.9
1935,540911.3
7313,761407.5
4425,519355.34
11104,512491.8
11331,883300.2
1161,1603207.8
8159,937600.7
4609,650747.2
2171,589839.5
3769,386341.88
3096,897134.44
4550,710764.0
3360,767505.56
11320,424066.9
8214,343538.0
5435,431356.16
10834,407241.2
5861,366402.06
1481,500174.47
5500,391945.9
3623,565031.6
5268,809397.2
1156,512618.4
7814,1028161.56
11685,461510.22
10764,620652.2
1645,348368.06
4816,720386.7
10238,346415.94
3006,458214.34
4148,398879.97
8926,413158.16
11094,401552.4
10514,553586.06
7021,670198.1
2980,621919.94
2509,456124.9
809,318748.44
10221,411700.8
5542,560209.06
5101,710226.8
5874,489546.84
3240,1038601.4
2217,569307.7
8202,1133672.0
4513,383083.1
8750,479782.78
8958,357353.56
10524,874922.94
1607,515670.16
3322,1223344.2
6575,796342.2
10937,461431.9
10589,288624.66
8760,895641.7
365,399635.78
7018,792785.4
11179,724398.6
6463,648371.44
9226,418410.1
4603,506337.28
10206,911841.6
7392,690642.06
11566,391611.2
7218,683595.6
11645,440524.97
3220,1046620.7
4730,681415.25
7271,1696912.1
10061,695461.94
1888,475356.88
4482,397392.66
1524,690670.25
3748,430592.53
5879,1007004.56
5904,498309.97
7788,740218.44
2544,454682.66
5644,519705.7
5869,382392.0
712,329289.9
7474,439984.34
530,1581652.1
9472,395099.34
8088,630529.6
8245,1619737.1
10767,1238742.0
4952,827166.6
11036,650980.7
6921,750835.25
5934,811543.3
5777,471793.16
2530,484966.97
6204,681317.8
1697,764740.06
6840,993170.44
6843,946170.44
11420,480513.75
876,354118.2
2164,333457.47
10454,432386.4
6307,594429.4
10638,1020342.6
9435,401475.53
7452,1010765.6
2699,384298.84
4693,510362.6
781,315269.28
4718,540438.56
11966,673605.6
11547,398490.4
7789,619893.6
9421,457789.9
219,527105.2
10333,788661.3
2814,397331.75
11190,369644.34
